{
	"format_version": "1.21.6",
	"credit": "cyberia was here",
	"texture_size": [64, 64],
	"textures": {
		"0": "item/bucket_3d",
		"1": "item/powder_snow_bucket_3d",
		"particle": "item/bucket_3d"
	},
	"elements": [
		{
			"from": [3.999, 9.499, 3.999],
			"to": [12.001, 10.501, 12.001],
			"rotation": {"angle": 0, "axis": "z", "origin": [8, 9, 6]},
			"faces": {
				"north": {"uv": [8.5, 1, 12.5, 1.5], "texture": "#1"},
				"east": {"uv": [8.5, 1.5, 12.5, 2], "texture": "#1"},
				"south": {"uv": [8.5, 2, 12.5, 2.5], "texture": "#1"},
				"west": {"uv": [8.5, 2.5, 12.5, 3], "texture": "#1"},
				"up": {"uv": [4, 4, 0, 0], "texture": "#1"},
				"down": {"uv": [4, 4, 0, 8], "texture": "#1"}
			}
		},
		{
			"from": [6.25, 10.5, 4],
			"to": [12.25, 12.5, 12],
			"rotation": {"angle": 22.5, "axis": "z", "origin": [11, 10, 8]},
			"faces": {
				"north": {"uv": [0, 8, 3, 9], "texture": "#1"},
				"east": {"uv": [7, 6, 11, 7], "texture": "#1"},
				"south": {"uv": [3, 8, 6, 9], "texture": "#1"},
				"west": {"uv": [7, 7, 11, 8], "texture": "#1"},
				"up": {"uv": [7, 4, 4, 0], "texture": "#1"},
				"down": {"uv": [7, 4, 4, 8], "texture": "#1"}
			}
		},
		{
			"from": [4, 9.5, 5],
			"to": [7, 11.5, 11],
			"rotation": {"angle": -22.5, "axis": "z", "origin": [6, 9, 8]},
			"faces": {
				"north": {"uv": [8.5, 3, 10, 4], "texture": "#1"},
				"east": {"uv": [6, 8, 9, 9], "texture": "#1"},
				"south": {"uv": [8.5, 4, 10, 5], "texture": "#1"},
				"west": {"uv": [8.5, 0, 11.5, 1], "texture": "#1"},
				"up": {"uv": [8.5, 3, 7, 0], "texture": "#1"},
				"down": {"uv": [8.5, 3, 7, 6], "texture": "#1"}
			}
		},
		{
			"name": "bottom",
			"from": [4, 0, 4],
			"to": [12, 2, 12],
			"rotation": {"angle": 0, "axis": "y", "origin": [4, 0, 5]},
			"faces": {
				"north": {"uv": [2, 6, 4, 6.5], "texture": "#0"},
				"east": {"uv": [4, 6, 6, 6.5], "texture": "#0"},
				"south": {"uv": [6, 6, 8, 6.5], "texture": "#0"},
				"west": {"uv": [2, 6.5, 4, 7], "texture": "#0"},
				"up": {"uv": [6.5, 6, 4.5, 4], "texture": "#0"},
				"down": {"uv": [2, 6, 0, 8], "texture": "#0"}
			}
		},
		{
			"name": "side1",
			"from": [3, 2, 3],
			"to": [12, 11, 4],
			"rotation": {"angle": 0, "axis": "y", "origin": [4, 3, 4]},
			"faces": {
				"north": {"uv": [9.25, 0, 11.5, 2.25], "texture": "#0"},
				"east": {"uv": [4.25, 6.75, 4.5, 8.75], "texture": "#0"},
				"south": {"uv": [11.5, 0, 13.75, 2.25], "texture": "#0"},
				"west": {"uv": [4.5, 6.75, 4.75, 9], "texture": "#0"},
				"up": {"uv": [6.25, 6.75, 4, 6.5], "texture": "#0"},
				"down": {"uv": [8.75, 4, 6.5, 4.25], "texture": "#0"}
			}
		},
		{
			"name": "side2",
			"from": [12, 2, 3],
			"to": [13, 11, 12],
			"rotation": {"angle": 0, "axis": "y", "origin": [5, 3, 4]},
			"faces": {
				"north": {"uv": [4.75, 6.75, 5, 9], "texture": "#0"},
				"east": {"uv": [9.25, 0, 11.5, 2.25], "texture": "#0"},
				"south": {"uv": [5, 6.75, 5.25, 8.75], "texture": "#0"},
				"west": {"uv": [11.5, 0, 13.75, 2.25], "texture": "#0"},
				"up": {"uv": [6.5, 8.75, 6.25, 6.5], "texture": "#0"},
				"down": {"uv": [6.75, 6.5, 6.5, 8.75], "texture": "#0"}
			}
		},
		{
			"name": "side3",
			"from": [4, 2, 12],
			"to": [13, 11, 13],
			"rotation": {"angle": 0, "axis": "y", "origin": [5, 3, 13]},
			"faces": {
				"north": {"uv": [11.5, 0, 13.75, 2.25], "texture": "#0"},
				"east": {"uv": [5.25, 6.75, 5.5, 9], "texture": "#0"},
				"south": {"uv": [9.25, 0, 11.5, 2.25], "texture": "#0"},
				"west": {"uv": [5.5, 6.75, 5.75, 8.75], "texture": "#0"},
				"up": {"uv": [8.75, 4.5, 6.5, 4.25], "texture": "#0"},
				"down": {"uv": [8.75, 4.5, 6.5, 4.75], "texture": "#0"}
			}
		},
		{
			"name": "side4",
			"from": [3, 2, 4],
			"to": [4, 11, 13],
			"rotation": {"angle": 0, "axis": "y", "origin": [-4, 3, 5]},
			"faces": {
				"north": {"uv": [5.75, 6.75, 6, 8.75], "texture": "#0"},
				"east": {"uv": [11.5, 0, 13.75, 2.25], "texture": "#0"},
				"south": {"uv": [6, 6.75, 6.25, 9], "texture": "#0"},
				"west": {"uv": [9.25, 0, 11.5, 2.25], "texture": "#0"},
				"up": {"uv": [7, 2.25, 6.75, 0], "texture": "#0"},
				"down": {"uv": [4.25, 6.75, 4, 9], "texture": "#0"}
			}
		}
	],
	"display": {
		"thirdperson_righthand": {
			"rotation": [45, 135, 0],
			"translation": [0, 1.75, -1.25],
			"scale": [0.5, 0.5, 0.5]
		},
		"thirdperson_lefthand": {
			"rotation": [45, 135, 0],
			"translation": [0, 1.75, -1.25],
			"scale": [0.5, 0.5, 0.5]
		},
		"firstperson_righthand": {
			"rotation": [-17, 129, 0],
			"translation": [0.25, 2.5, 1],
			"scale": [0.6, 0.6, 0.6]
		},
		"firstperson_lefthand": {
			"rotation": [0, 129, 0],
			"translation": [0.25, 3.5, 1],
			"scale": [0.5, 0.5, 0.5]
		},
		"ground": {
			"translation": [0, 3.25, 0],
			"scale": [0.6, 0.6, 0.6]
		},
		"gui": {
			"rotation": [30, 135, 0],
			"translation": [0, 1.25, 0],
			"scale": [0.75, 0.75, 0.75]
		},
		"head": {
			"translation": [0, 12.5, 0],
			"scale": [0.75, 0.75, 0.75]
		},
		"fixed": {
			"translation": [0, 2.75, 0.25]
		}
	},
	"groups": [
		{
			"name": "group",
			"origin": [6, 8, 8],
			"color": 0,
			"children": [0, 1, 2]
		},
		{
			"name": "bucket",
			"origin": [5, 2, 4],
			"color": 0,
			"children": [3, 4, 5, 6, 7]
		}
	]
}